x,y,u,v,S
10.622006,-3.288756,1.014797,-0.003569,9.126351
10.622006,3.266376,1.013008,0.003295,9.115663
10.622005,-4.964317,1.027027,-0.005316,8.759541
10.622005,4.980305,1.026942,0.005325,8.753758
10.622005,1.610259,0.881403,-0.005140,8.204303
10.622005,-1.632351,0.880998,0.004147,8.197942
10.622004,6.644401,1.024795,0.005696,8.179534
10.622004,-6.676043,1.024809,-0.005683,8.168682
12.478253,-3.288748,1.009346,-0.002332,7.821762
12.478254,3.266353,1.006620,0.002008,7.804068
12.478250,-4.964316,1.026558,-0.004446,7.644131
12.478250,4.980311,1.026484,0.004477,7.640212
10.622003,8.308334,1.022334,0.006055,7.581187
10.622002,-8.341970,1.022340,-0.006044,7.569589
12.478244,6.644416,1.024377,0.004815,7.246148
12.478246,-6.676053,1.024392,-0.004797,7.238626
10.622001,-9.994045,1.019778,-0.006282,6.992335
10.622001,10.022330,1.019683,0.006298,6.982397
12.478247,1.610248,0.873157,-0.005301,6.940017
12.478246,-1.632349,0.871786,0.005163,6.927549
12.478243,8.308318,1.021989,0.005109,6.817365
12.478244,-8.341943,1.021994,-0.005092,6.808922
14.966236,-3.288745,1.001839,-0.000854,6.538003
14.966233,3.266353,0.998274,0.000448,6.516778
14.966238,-4.964310,1.025581,-0.003248,6.504189
14.966238,4.980304,1.025586,0.003282,6.502139
10.622000,-11.689199,1.017213,-0.006366,6.440447
10.622000,11.716080,1.017129,0.006377,6.431817
12.478246,-9.993990,1.019572,-0.005308,6.377565
12.478246,10.022379,1.019481,0.005331,6.369921
14.966233,6.644405,1.023846,0.003699,6.252585
14.966235,-6.676056,1.023860,-0.003677,6.247763
10.622004,0.000000,0.646475,-0.000036,6.086189
14.966232,8.308331,1.021559,0.004002,5.967889
14.966230,-8.341953,1.021564,-0.003977,5.962223
12.478248,-11.689198,1.017160,-0.005426,5.949061
12.478248,11.716083,1.017080,0.005446,5.942204
10.621999,-13.379489,1.014845,-0.006305,5.940699
10.621999,13.403313,1.014777,0.006313,5.933820
14.966212,1.610248,0.865193,-0.005360,5.747910
14.966211,-1.632354,0.861649,0.005622,5.723477
14.966232,-9.993980,1.019271,-0.004208,5.663823
14.966232,10.022366,1.019184,0.004240,5.658379
17.456600,-4.964321,1.024370,-0.002181,5.644310
17.456600,4.980307,1.024258,0.002214,5.642331
17.456619,-3.288745,0.994673,0.000388,5.599469
17.456623,3.266356,0.990580,-0.000803,5.577724
12.478250,-13.379467,1.014927,-0.005442,5.547561
12.478250,13.403290,1.014868,0.005458,5.541960
10.621998,-15.021566,1.012784,-0.006142,5.505060
10.621998,15.040782,1.012732,0.006148,5.500087
17.456579,6.644404,1.023253,0.002735,5.478310
17.456585,-6.676047,1.023281,-0.002697,5.475151
14.966232,-11.689194,1.017008,-0.004369,5.355502
14.966232,11.716079,1.016936,0.004398,5.350457
12.478245,-0.000000,0.664247,0.000177,5.323237
17.456573,8.308335,1.021088,0.003071,5.281635
17.456566,-8.341945,1.021096,-0.003032,5.277729
12.478252,-15.021544,1.012963,-0.005373,5.187233
12.478252,15.040811,1.012912,0.005387,5.183038
10.621998,-16.670218,1.010969,-0.005908,5.114590
10.621998,16.683441,1.010929,0.005914,5.111505
17.456556,-9.993983,1.018917,-0.003294,5.065499
17.456556,10.022355,1.018839,0.003339,5.061563
14.966232,-13.379467,1.014900,-0.004455,5.055634
14.966232,13.403298,1.014853,0.004480,5.051403
19.986685,-4.964321,1.022791,-0.001295,4.966461
19.986685,4.980308,1.022543,0.001399,4.964325
17.456642,1.610251,0.859443,-0.005756,4.902596
17.456644,-1.632348,0.855359,0.005601,4.878725
19.986689,-3.288745,0.987487,0.001499,4.875171
12.478252,-16.670187,1.011215,-0.005241,4.856282
19.986689,3.266356,0.983382,-0.001521,4.855773
19.986685,6.644404,1.022616,0.001970,4.855232
12.478252,16.683470,1.011175,0.005253,4.853611
19.986685,-6.676055,1.022632,-0.001889,4.853000
17.456558,-11.689196,1.016769,-0.003495,4.839765
17.456558,11.716070,1.016701,0.003534,4.835996
14.966233,-15.021552,1.013046,-0.004475,4.777529
14.966233,15.040809,1.013005,0.004495,4.774266
10.621996,-18.302729,1.009408,-0.005636,4.770054
19.986685,8.308336,1.020578,0.002310,4.715136
19.986685,-8.341960,1.020572,-0.002249,4.712296
10.622002,18.804867,1.008967,0.005555,4.671764
17.456560,-13.379468,1.014772,-0.003633,4.613860
17.456560,13.403315,1.014719,0.003665,4.610578
14.966208,0.000000,0.686589,0.000086,4.587597
12.478256,-18.302725,1.009697,-0.005067,4.558166
19.986683,-9.993996,1.018505,-0.002535,4.557884
19.986683,10.022346,1.018443,0.002592,4.555020
10.621998,-19.595366,1.008327,-0.005406,4.523916
14.966233,-16.670189,1.011382,-0.004440,4.514585
14.966233,16.683451,1.011353,0.004458,4.512468
12.478244,18.804811,1.009263,0.005018,4.472095
22.498226,-4.964314,1.020931,-0.000664,4.431239
22.498226,4.980309,1.020696,0.000807,4.429554
17.456562,-15.021552,1.013011,-0.003712,4.398697
17.456562,15.040804,1.012964,0.003739,4.396096
19.986683,-11.689197,1.016460,-0.002765,4.390027
19.986683,11.716070,1.016408,0.002811,4.387228
22.498228,6.644405,1.022015,0.001392,4.356628
22.498228,-6.676052,1.021978,-0.001290,4.354803
12.478256,-19.595387,1.008633,-0.004910,4.341778
22.498234,-3.288750,0.980782,0.002078,4.313542
22.498236,3.266351,0.976976,-0.001932,4.297411
14.966233,-18.302719,1.009927,-0.004364,4.271660
19.986689,1.610252,0.856129,-0.005553,4.269750
22.498230,8.308341,1.020072,0.001713,4.253264
22.498230,-8.341969,1.020033,-0.001643,4.251033
19.986689,-1.632353,0.852098,0.005649,4.249275
19.986683,-13.379468,1.014559,-0.002939,4.218285
19.986683,13.403317,1.014515,0.002976,4.215774
14.966230,18.804804,1.009507,0.004349,4.200455
17.456562,-16.670193,1.011407,-0.003745,4.190188
17.456562,16.683441,1.011389,0.003768,4.188525
22.498232,-9.994029,1.018069,-0.001934,4.135455
22.498232,10.022326,1.018032,0.001995,4.133374
14.966235,-19.595387,1.008896,-0.004283,4.091762
19.986683,-15.021556,1.012874,-0.003060,4.051144
19.986683,15.040794,1.012840,0.003091,4.049134
17.456646,-0.000000,0.706262,-0.000090,4.045805
22.498232,-11.689189,1.016117,-0.002178,4.007782
22.498232,11.716074,1.016079,0.002225,4.005672
24.999567,-4.964314,1.018896,-0.000194,3.997600
24.999567,4.980312,1.018768,0.000320,3.996608
17.456564,-18.302731,1.010019,-0.003739,3.993345
24.999567,6.644405,1.021461,0.000938,3.948823
24.999567,-6.676052,1.021358,-0.000856,3.947183
17.456566,18.804832,1.009619,0.003749,3.934877
19.986683,-16.670193,1.011355,-0.003140,3.885929
19.986683,16.683434,1.011331,0.003166,3.884574
22.498232,-13.379466,1.014297,-0.002372,3.874930
22.498232,13.403296,1.014266,0.002410,3.873007
24.999569,8.308343,1.019586,0.001243,3.870281
24.999569,-8.341969,1.019513,-0.001189,3.868440
24.999573,-3.288749,0.974952,0.002362,3.866572
24.999573,3.266353,0.971562,-0.002185,3.853571
17.456570,-19.595387,1.009019,-0.003713,3.844889
22.498247,1.610255,0.854489,-0.005067,3.788400
24.999571,-9.994031,1.017632,-0.001470,3.779762
24.999571,10.022326,1.017618,0.001519,3.778235
22.498249,-1.632347,0.851387,0.005197,3.774384
22.498234,-15.021580,1.012680,-0.002519,3.743450
22.498234,15.040769,1.012655,0.002551,3.741882
19.986681,-18.302742,1.010009,-0.003184,3.726866
24.999573,-11.689197,1.015755,-0.001713,3.680626
19.986685,18.804834,1.009627,0.003212,3.679085
24.999573,11.716075,1.015734,0.001752,3.679030
27.502083,-4.964313,1.016885,0.000108,3.638679
27.502083,4.980312,1.016748,-0.000088,3.637818
19.986689,-0.000000,0.723621,-0.000241,3.620512
22.498234,-16.670193,1.011220,-0.002630,3.611361
22.498234,16.683424,1.011201,0.002657,3.610276
27.502081,6.644401,1.020922,0.000571,3.608350
27.502083,-6.676058,1.020780,-0.000553,3.606896
19.986677,-19.595387,1.009053,-0.003199,3.605050
24.999575,-13.379472,1.014006,-0.001914,3.576153
24.999575,13.403296,1.013984,0.001947,3.574658
27.502079,8.308344,1.019116,0.000868,3.547262
27.502075,-8.341962,1.019026,-0.000855,3.545749
27.502008,-3.288754,0.969908,0.002482,3.501745
27.501999,3.266361,0.966921,-0.002441,3.491295
22.498236,-18.302750,1.009925,-0.002709,3.482177
27.502073,-9.994039,1.017210,-0.001114,3.476259
27.502073,10.022326,1.017209,0.001138,3.475107
24.999575,-15.021580,1.012450,-0.002075,3.471402
24.999575,15.040774,1.012433,0.002103,3.470169
22.498230,18.804844,1.009562,0.002748,3.443007
24.999577,1.610256,0.854194,-0.004523,3.409817
24.999577,-1.632351,0.851794,0.004655,3.400046
27.502069,-11.689201,1.015399,-0.001346,3.397903
27.502069,11.716076,1.015385,0.001370,3.396661
22.498247,-19.595385,1.009003,-0.002753,3.381914
24.999575,-16.670193,1.011043,-0.002204,3.364785
24.999575,16.683426,1.011030,0.002229,3.363917
29.985273,-4.964315,1.014875,0.000261,3.339125
29.985273,4.980309,1.014627,-0.000433,3.338023
29.985279,6.644398,1.020381,0.000283,3.322351
29.985279,-6.676059,1.020272,-0.000361,3.321254
27.502064,-13.379491,1.013706,-0.001545,3.314513
27.502064,13.403300,1.013690,0.001569,3.313331
22.498251,0.000000,0.738154,-0.000320,3.280938
29.985279,8.308344,1.018664,0.000580,3.273865
29.985279,-8.341964,1.018595,-0.000615,3.272695
24.999575,-18.302750,1.009795,-0.002305,3.259160
27.502062,-15.021576,1.012199,-0.001709,3.230044
27.502062,15.040791,1.012187,0.001733,3.229056
24.999569,18.804848,1.009447,0.002351,3.226873
29.985279,-9.994041,1.016825,-0.000845,3.217098
29.985279,10.022326,1.016813,0.000843,3.216147
29.985252,-3.288752,0.965586,0.002438,3.201016
29.985250,3.266364,0.962893,-0.002637,3.192349
24.999577,-19.595383,1.008905,-0.002369,3.176252
29.985277,-11.689199,1.015059,-0.001060,3.154011
29.985277,11.716077,1.015039,0.001070,3.152991
27.502062,-16.670197,1.010838,-0.001849,3.143169
27.502062,16.683432,1.010830,0.001871,3.142474
27.501928,1.610257,0.854607,-0.004336,3.102170
27.501925,-1.632351,0.852324,0.004435,3.093739
29.985277,-13.379491,1.013410,-0.001251,3.086386
29.985277,13.403302,1.013392,0.001267,3.085422
32.471245,-4.964316,1.012936,0.000390,3.083658
32.471245,4.980308,1.012496,-0.000616,3.082090
32.471256,6.644397,1.019827,0.000097,3.076950
32.471256,-6.676052,1.019858,-0.000208,3.076453
27.502056,-18.302736,1.009631,-0.001963,3.056193
32.471260,8.308339,1.018230,0.000376,3.037921
32.471260,-8.341969,1.018219,-0.000423,3.037133
27.502075,18.804850,1.009297,0.002013,3.029431
29.985275,-15.021574,1.011947,-0.001414,3.017361
29.985275,15.040789,1.011932,0.001433,3.016542
24.999569,0.000000,0.750256,-0.000066,3.001076
32.471260,-9.994044,1.016475,-0.000631,2.991881
32.471260,10.022326,1.016430,0.000623,2.991015
27.502031,-19.595375,1.008771,-0.002040,2.987281
32.471222,-3.288752,0.961736,0.002332,2.946745
29.985275,-16.670204,1.010622,-0.001557,2.945769
29.985275,16.683434,1.010614,0.001576,2.945194
32.471264,-11.689199,1.014739,-0.000831,2.940322
32.471264,11.716078,1.014705,0.000838,2.939447
32.471218,3.266371,0.959223,-0.002641,2.939250
32.471264,-13.379491,1.013124,-0.001013,2.884776
32.471264,13.403308,1.013096,0.001028,2.883951
29.985273,-18.302731,1.009450,-0.001678,2.873487
34.992313,6.644397,1.019303,0.000005,2.861800
34.992313,-6.676052,1.019459,-0.000020,2.861763
34.992306,-4.964316,1.011094,0.000624,2.860830
34.992306,4.980308,1.010451,-0.000678,2.858829
29.985279,18.804850,1.009123,0.001730,2.851113
29.985229,1.610257,0.855489,-0.004231,2.848965
29.985243,-1.632351,0.852937,0.004104,2.840350
34.992313,8.308339,1.017831,0.000248,2.830049
34.992310,-8.341969,1.017866,-0.000246,2.829534
32.471264,-15.021571,1.011693,-0.001172,2.827737
32.471264,15.040786,1.011675,0.001190,2.827049
29.985268,-19.595371,1.008611,-0.001762,2.815755
34.992310,-9.994044,1.016142,-0.000450,2.792250
34.992310,10.022326,1.016075,0.000467,2.791470
32.471264,-16.670219,1.010400,-0.001315,2.768192
27.501925,-0.000000,0.761283,0.000104,2.768109
32.471264,16.683437,1.010388,0.001334,2.767700
34.992306,-11.689199,1.014431,-0.000643,2.749653
34.992306,11.716078,1.014386,0.000663,2.748896
34.992294,-3.288752,0.958307,0.002419,2.726616
34.992294,3.266371,0.955870,-0.002495,2.719844
32.471264,-18.302723,1.009258,-0.001439,2.707654
34.992302,-13.379491,1.012844,-0.000819,2.703589
34.992302,13.403308,1.012813,0.000840,2.702892
32.471260,18.804855,1.008942,0.001492,2.688836
37.536522,6.644401,1.018831,-0.000033,2.672691
37.536522,-6.676043,1.018961,0.000138,2.672645
37.536526,-4.964317,1.009235,0.000848,2.665466
37.536526,4.980305,1.008497,-0.000684,2.663368
32.471264,-19.595366,1.008440,-0.001527,2.658990
34.992298,-15.021571,1.011440,-0.000973,2.656074
34.992298,15.040786,1.011419,0.000995,2.655489
37.536522,8.308334,1.017486,0.000170,2.646600
37.536522,-8.341970,1.017503,-0.000108,2.646143
32.471199,1.610257,0.856573,-0.004044,2.634740
32.471195,-1.632351,0.854125,0.003609,2.627115
37.536522,-9.994045,1.015812,-0.000310,2.615093
37.536522,10.022330,1.015754,0.000357,2.614453
34.992298,-16.670219,1.010176,-0.001113,2.606218
34.992298,16.683437,1.010164,0.001135,2.605803
37.536522,-11.689199,1.014133,-0.000496,2.579542
37.536522,11.716080,1.014091,0.000532,2.578911
29.985266,-0.000000,0.771529,-0.000091,2.573029
34.992294,-18.302723,1.009057,-0.001238,2.555233
37.536522,-13.379489,1.012572,-0.000664,2.540976
37.536522,13.403313,1.012544,0.000694,2.540396
34.992310,18.804855,1.008748,0.001293,2.539323
37.536537,-3.288756,0.955166,0.002518,2.534927
37.536537,3.266376,0.952903,-0.002392,2.529053
34.992302,-19.595366,1.008260,-0.001327,2.514031
39.990067,6.644407,1.018421,-0.000062,2.512243
39.990067,-6.676041,1.018484,0.000174,2.512078
37.536522,-15.021566,1.011194,-0.000813,2.501057
37.536522,15.040782,1.011174,0.000839,2.500568
39.990078,-4.964309,1.007494,0.000834,2.500170
39.990078,4.980304,1.006621,-0.000762,2.497881
39.990067,8.308329,1.017204,0.000114,2.490460
39.990067,-8.341970,1.017172,-0.000039,2.489964
39.990067,-9.994047,1.015514,-0.000220,2.463645
39.990067,10.022336,1.015482,0.000278,2.463157
37.536522,-16.670218,1.009952,-0.000949,2.458997
37.536522,16.683441,1.009942,0.000973,2.458650
34.992283,1.610257,0.857626,-0.003638,2.448331
34.992279,-1.632351,0.855828,0.003414,2.443124
39.990067,-11.689199,1.013860,-0.000392,2.433453
39.990067,11.716081,1.013832,0.000436,2.432945
37.536522,-18.302729,1.008857,-0.001071,2.415788
32.471188,-0.000000,0.780669,-0.000344,2.404190
37.536522,18.804867,1.008554,0.001127,2.402264
39.990070,-13.379491,1.012322,-0.000550,2.400637
39.990070,13.403317,1.012301,0.000585,2.400156
37.536522,-19.595366,1.008075,-0.001160,2.380711
39.990093,-3.288752,0.952521,0.002373,2.373887
39.990097,3.266375,0.950473,-0.002336,2.368890
42.493107,6.644404,1.018046,-0.000103,2.367029
42.493107,-6.676041,1.018039,0.000185,2.366743
39.990070,-15.021564,1.010964,-0.000692,2.366584
39.990070,15.040777,1.010951,0.000721,2.366179
42.493137,-4.964313,1.005772,0.000834,2.350916
42.493111,8.308331,1.016949,0.000060,2.348735
42.493137,4.980304,1.004717,-0.000790,2.348348
42.493111,-8.341970,1.016884,-0.000001,2.348236
39.990070,-16.670216,1.009742,-0.000823,2.330593
39.990070,16.683447,1.009735,0.000848,2.330304
42.493114,-9.994046,1.015238,-0.000162,2.325724
42.493114,10.022334,1.015230,0.000211,2.325361
42.493114,-11.689199,1.013604,-0.000318,2.299905
42.493114,11.716080,1.013589,0.000357,2.299499
39.990074,-18.302736,1.008666,-0.000941,2.293492
37.536568,1.610259,0.858922,-0.003189,2.286142
37.536575,-1.632351,0.857726,0.003243,2.282900
39.990067,18.804869,1.008371,0.000997,2.281857
42.493118,-13.379490,1.012084,-0.000465,2.271810
42.493118,13.403316,1.012071,0.000497,2.271415
39.990093,-19.595373,1.007902,-0.001028,2.263271
34.992275,-0.000000,0.788888,-0.000314,2.254464
42.493122,-15.021564,1.010743,-0.000598,2.242602
42.493122,15.040780,1.010735,0.000626,2.242267
44.983013,6.644407,1.017665,-0.000169,2.238049
44.983017,-6.676041,1.017603,0.000214,2.237684
42.493160,-3.288753,0.950067,0.002380,2.229151
42.493164,3.266378,0.948360,-0.002261,2.225236
44.983013,8.308329,1.016708,0.000001,2.222611
44.983013,-8.341970,1.016623,0.000026,2.222129
44.983017,-4.964309,1.004056,0.000869,2.218610
44.983017,4.980304,1.002973,-0.000842,2.216131
42.493122,-16.670218,1.009538,-0.000722,2.211667
42.493122,16.683445,1.009534,0.000746,2.211422
44.983013,-9.994047,1.014987,-0.000123,2.202670
44.983013,10.022336,1.014990,0.000152,2.202384
44.983013,-11.689199,1.013367,-0.000268,2.180363
44.983013,11.716081,1.013361,0.000294,2.180034
42.493130,-18.302732,1.008478,-0.000835,2.179682
42.493111,18.804869,1.008191,0.000889,2.169640
44.983013,-13.379491,1.011864,-0.000404,2.156085
44.983013,13.403317,1.011856,0.000429,2.155755
42.493130,-19.595369,1.007725,-0.000919,2.153552
39.990131,1.610261,0.860328,-0.002861,2.149620
39.990135,-1.632351,0.859613,0.002856,2.147785
44.983013,-15.021564,1.010536,-0.000528,2.130815
44.983013,15.040777,1.010529,0.000551,2.130526
37.536591,0.000000,0.796353,-0.000125,2.121539
47.507408,6.644409,1.017217,-0.000247,2.120536
47.507412,-6.676042,1.017140,0.000216,2.120182
47.507408,8.308321,1.016451,-0.000049,2.107576
47.507404,-8.341970,1.016376,0.000034,2.107167
44.983013,-16.670216,1.009346,-0.000645,2.104008
44.983013,16.683447,1.009344,0.000667,2.103801
44.983017,-3.288752,0.947890,0.002300,2.101614
44.983017,3.266375,0.946487,-0.002156,2.098578
47.507416,-4.964305,1.002399,0.000850,2.098559
47.507416,4.980297,1.001295,-0.000937,2.096174
47.507401,-9.994053,1.014755,-0.000103,2.090242
47.507401,10.022336,1.014752,0.000108,2.089986
44.983009,-18.302736,1.008301,-0.000753,2.076233
47.507397,-11.689198,1.013145,-0.000236,2.070841
47.507397,11.716082,1.013135,0.000249,2.070549
44.983013,18.804869,1.008017,0.000803,2.067496
44.983002,-19.595373,1.007555,-0.000833,2.053479
47.507393,-13.379492,1.011652,-0.000363,2.049727
47.507393,13.403314,1.011645,0.000379,2.049443
47.507389,-15.021557,1.010339,-0.000478,2.027748
47.507389,15.040778,1.010333,0.000496,2.027499
42.493198,1.610260,0.861855,-0.002627,2.026774
42.493202,-1.632352,0.861585,0.002683,2.026098
50.002426,6.644409,1.016701,-0.000262,2.015585
50.002422,-6.676042,1.016691,0.000198,2.015400
39.990147,0.000000,0.802660,-0.000160,2.007143
50.002426,8.308321,1.016187,-0.000058,2.004788
50.002426,-8.341970,1.016154,0.000025,2.004506
47.507389,-16.670214,1.009162,-0.000588,2.004403
47.507389,16.683455,1.009161,0.000606,2.004227
50.002403,-4.964305,1.000868,0.000795,1.991847
50.002426,-9.994053,1.014541,-0.000099,1.989631
50.002403,4.980297,0.999707,-0.000950,1.989475
50.002426,10.022336,1.014518,0.000094,1.989369
47.507423,-3.288752,0.945909,0.002190,1.986328
47.507423,3.266374,0.944886,-0.002122,1.984243
47.507381,-18.302738,1.008130,-0.000689,1.980176
50.002426,-11.689198,1.012944,-0.000222,1.972605
47.507404,18.804855,1.007852,0.000737,1.972553
50.002426,11.716082,1.012922,0.000229,1.972327
47.507374,-19.595385,1.007394,-0.000765,1.960293
50.002426,-13.379492,1.011460,-0.000339,1.954078
50.002426,13.403314,1.011446,0.000352,1.953818
50.002430,-15.021557,1.010158,-0.000447,1.934796
50.002430,15.040778,1.010150,0.000463,1.934576
52.518436,6.644408,1.016190,-0.000198,1.919619
52.518433,-6.676042,1.016235,0.000179,1.919559
44.983021,-1.632351,0.863640,0.002460,1.918669
44.983021,1.610261,0.863172,-0.002460,1.917664
50.002430,-16.670214,1.008991,-0.000549,1.914301
50.002430,16.683455,1.008991,0.000566,1.914149
52.518436,8.308320,1.015946,-0.000017,1.910694
52.518433,-8.341968,1.015951,0.000009,1.910515
42.493206,0.000000,0.808331,-0.000121,1.902259
52.518433,-9.994056,1.014344,-0.000108,1.897357
52.518433,10.022338,1.014301,0.000115,1.897089
52.518417,-4.964305,0.999394,0.000779,1.894495
50.002430,-18.302738,1.007966,-0.000644,1.893005
52.518417,4.980294,0.998183,-0.000853,1.892145
50.002426,18.804855,1.007693,0.000689,1.886303
50.002384,-3.288752,0.944166,0.002009,1.884174
50.002384,3.266374,0.943436,-0.002076,1.882774
52.518429,-11.689193,1.012753,-0.000222,1.882316
52.518429,11.716081,1.012723,0.000235,1.882057
50.002438,-19.595385,1.007245,-0.000715,1.875516
52.518429,-13.379492,1.011280,-0.000331,1.865972
52.518429,13.403309,1.011261,0.000346,1.865734
52.518425,-15.021552,1.009987,-0.000431,1.848965
52.518425,15.040778,1.009978,0.000447,1.848770
54.986301,-6.676043,1.015788,0.000166,1.833881
54.986301,6.644407,1.015710,-0.000107,1.833865
52.518425,-16.670214,1.008830,-0.000526,1.830887
52.518425,16.683456,1.008828,0.000543,1.830750
54.986301,8.308321,1.015751,0.000049,1.826546
54.986305,-8.341962,1.015751,-0.000015,1.826382
47.507374,-1.632348,0.865606,0.002315,1.820977
47.507381,1.610264,0.864378,-0.002331,1.818423
54.986305,-9.994056,1.014161,-0.000129,1.814658
54.986305,10.022342,1.014116,0.000156,1.814414
52.518421,-18.302734,1.007817,-0.000614,1.812089
44.983021,0.000000,0.813585,-0.000200,1.808649
54.986309,-4.964305,0.997894,0.000778,1.807453
52.518433,18.804844,1.007546,0.000657,1.806170
54.986309,4.980293,0.996733,-0.000736,1.805303
54.986309,-11.689188,1.012580,-0.000236,1.801262
54.986309,11.716084,1.012549,0.000259,1.801028
52.518402,-19.595387,1.007100,-0.000681,1.796628
52.518406,-3.288755,0.942628,0.001910,1.791348
52.518402,3.266373,0.942026,-0.001952,1.790252
54.986313,-13.379494,1.011119,-0.000336,1.786723
54.986313,13.403306,1.011099,0.000357,1.786510
54.986317,-15.021548,1.009833,-0.000428,1.771599
54.986317,15.040780,1.009823,0.000448,1.771423
54.986317,-16.670214,1.008684,-0.000516,1.755524
54.986317,16.683460,1.008679,0.000534,1.755398
57.461964,-6.676043,1.015357,0.000090,1.755201
57.461971,6.644407,1.015252,-0.000015,1.755130
57.461967,8.308321,1.015598,0.000122,1.749237
57.461964,-8.341962,1.015569,-0.000069,1.749041
54.986320,-18.302731,1.007678,-0.000598,1.738802
57.461960,-9.994056,1.013994,-0.000167,1.738535
57.461960,10.022342,1.013961,0.000207,1.738335
50.002422,-1.632348,0.867452,0.002097,1.733902
54.986305,18.804852,1.007408,0.000639,1.733534
50.002419,1.610264,0.865611,-0.002253,1.730248
57.461945,-4.964305,0.996503,0.000649,1.727761
57.461956,-11.689188,1.012421,-0.000263,1.726536
57.461956,11.716084,1.012398,0.000294,1.726340
57.461945,4.980293,0.995313,-0.000593,1.725657
54.986324,-19.595387,1.006965,-0.000660,1.725037
47.507359,0.000000,0.818643,-0.000154,1.723192
57.461948,-13.379494,1.010965,-0.000354,1.713529
57.461948,13.403306,1.010952,0.000380,1.713350
54.986313,-3.288757,0.941345,0.001824,1.708912
54.986313,3.266374,0.940822,-0.001807,1.708003
57.461941,-15.021548,1.009688,-0.000438,1.700013
57.461941,15.040780,1.009679,0.000461,1.699860
57.461941,-16.670214,1.008548,-0.000519,1.685656
57.461941,16.683460,1.008548,0.000539,1.685552
60.007942,-6.676043,1.014925,0.000027,1.680947
60.007935,6.644407,1.014824,0.000062,1.680877
60.007931,8.308321,1.015474,0.000185,1.676243
60.007931,-8.341962,1.015402,-0.000128,1.675997
57.461933,-18.302731,1.007550,-0.000594,1.670719
60.007931,-9.994056,1.013838,-0.000216,1.666551
60.007931,10.022342,1.013829,0.000256,1.666409
57.461964,18.804852,1.007286,0.000634,1.666017
57.461929,-19.595387,1.006847,-0.000651,1.658420
60.007935,-11.689188,1.012270,-0.000302,1.655773
60.007935,11.716084,1.012260,0.000333,1.655616
52.518429,-1.632348,0.869152,0.001954,1.654153
60.007957,-4.964305,0.995158,0.000592,1.652732
60.007957,4.980293,0.993913,-0.000507,1.650628
52.518425,1.610264,0.866974,-0.002016,1.650029
50.002430,0.000000,0.823283,-0.000200,1.646485
60.007935,-13.379494,1.010825,-0.000385,1.644115
60.007935,13.403306,1.010817,0.000409,1.643963
57.461926,-3.288757,0.940171,0.001570,1.633493
57.461922,3.266374,0.939803,-0.001567,1.632889
60.007938,-15.021548,1.009553,-0.000461,1.632010
60.007938,15.040780,1.009551,0.000482,1.631883
60.007938,-16.670214,1.008421,-0.000534,1.619163
60.007938,16.683460,1.008424,0.000552,1.619076
62.554939,-6.676043,1.014510,-0.000042,1.612633
62.554955,6.644406,1.014385,0.000072,1.612519
62.554955,8.308321,1.015351,0.000219,1.609004
62.554955,-8.341961,1.015243,-0.000190,1.608720
60.007942,-18.302731,1.007430,-0.000602,1.605797
60.007931,18.804852,1.007170,0.000638,1.601596
62.554955,-9.994053,1.013699,-0.000271,1.600200
62.554955,10.022346,1.013702,0.000296,1.600093
60.007942,-19.595387,1.006732,-0.000653,1.594790
62.554955,-11.689188,1.012137,-0.000350,1.590467
62.554955,11.716090,1.012134,0.000372,1.590339
62.554890,-4.964306,0.993835,0.000513,1.583762
54.986389,-1.632348,0.870722,0.001820,1.582830
62.554890,4.980292,0.992531,-0.000498,1.581652
62.554955,-13.379499,1.010695,-0.000425,1.579958
62.554955,13.403308,1.010693,0.000445,1.579831
54.986382,1.610265,0.868241,-0.001787,1.578338
52.518436,0.000000,0.827518,-0.000076,1.575672
62.554955,-15.021549,1.009433,-0.000494,1.569069
62.554955,15.040780,1.009435,0.000512,1.568962
60.007969,-3.288757,0.939073,0.001475,1.562571
60.007973,3.266374,0.938814,-0.001481,1.562172
62.554955,-16.670214,1.008306,-0.000559,1.557516
62.554955,16.683464,1.008311,0.000576,1.557443
65.026268,-6.676044,1.014109,-0.000100,1.551383
65.026268,6.644408,1.013901,0.000053,1.551140
65.026276,8.308320,1.015204,0.000246,1.548632
65.026276,-8.341962,1.015101,-0.000250,1.548374
62.554951,-18.302729,1.007324,-0.000619,1.545508
62.554955,18.804859,1.007066,0.000653,1.541734
65.026276,-9.994046,1.013569,-0.000331,1.540617
65.026276,10.022352,1.013570,0.000340,1.540518
62.554955,-19.595387,1.006626,-0.000665,1.535608
65.026276,-11.689187,1.012017,-0.000407,1.531769
65.026276,11.716094,1.012014,0.000419,1.531653
65.026283,-13.379505,1.010584,-0.000475,1.522228
65.026283,13.403309,1.010581,0.000489,1.522114
65.026253,-4.964308,0.992558,0.000475,1.521967
65.026253,4.980290,0.991260,-0.000571,1.519948
57.461929,-1.632348,0.871979,0.001687,1.516881
57.461929,1.610265,0.869440,-0.001517,1.512480
65.026283,-15.021550,1.009329,-0.000536,1.512357
65.026283,15.040779,1.009331,0.000551,1.512262
54.986401,0.000000,0.831287,-0.000062,1.511804
65.026283,-16.670216,1.008210,-0.000593,1.501898
65.026283,16.683460,1.008216,0.000607,1.501834
62.554840,-3.288756,0.938061,0.001396,1.497516
62.554836,3.266376,0.937872,-0.001359,1.497242
65.026291,-18.302731,1.007232,-0.000646,1.491026
65.026276,18.804855,1.006977,0.000675,1.487615
65.026291,-19.595387,1.006538,-0.000686,1.482064
68.149490,-6.676048,1.013501,-0.000163,1.480088
68.149490,6.644398,1.013181,0.000131,1.479688
68.149483,8.308337,1.014972,0.000346,1.478386
68.149475,-8.341970,1.014889,-0.000353,1.478178
68.149467,-9.994045,1.013411,-0.000439,1.471305
68.149467,10.022327,1.013401,0.000440,1.471203
68.149460,-11.689198,1.011883,-0.000505,1.463429
68.149460,11.716079,1.011874,0.000510,1.463319
68.149452,-13.379489,1.010464,-0.000560,1.454944
68.149452,13.403310,1.010459,0.000567,1.454840
60.007927,-1.632348,0.873134,0.001486,1.454496
57.461929,0.000000,0.834751,0.000068,1.452703
60.007931,1.610265,0.870561,-0.001476,1.450223
68.149498,-4.964316,0.990934,0.000457,1.450216
68.149498,4.980307,0.989592,-0.000531,1.448228
68.149437,-15.021569,1.009222,-0.000607,1.446181
68.149437,15.040784,1.009221,0.000616,1.446093
65.026237,-3.288759,0.937189,0.001301,1.439409
65.026237,3.266379,0.937118,-0.001341,1.439324
68.149437,-16.670218,1.008109,-0.000651,1.436898
68.149437,16.683439,1.008113,0.000660,1.436839
68.149429,-18.302727,1.007138,-0.000691,1.427261
68.149475,18.804859,1.006882,0.000713,1.424235
68.149399,-19.595362,1.006449,-0.000721,1.419320
62.555012,-1.632351,0.874388,0.001332,1.397317
60.007923,0.000000,0.837956,-0.000101,1.396408
62.554996,1.610266,0.871597,-0.001323,1.392869
68.149498,-3.288754,0.936353,0.001196,1.372373
68.149498,3.266373,0.936314,-0.001295,1.372338
65.026398,-1.632351,0.875577,0.001172,1.346072
62.555038,0.000000,0.840797,-0.000124,1.344092
65.026382,1.610264,0.872549,-0.001272,1.341429
65.026421,-0.000000,0.843201,-0.000140,1.296706
68.149498,-1.632351,0.876938,0.001044,1.286418
68.149498,1.610258,0.873737,-0.001249,1.281732
68.149506,-0.000000,0.846040,-0.000168,1.241448
